elapsed, window, n, min, mean, median, 95th, 99th, 99_9th, max, errors
10.000772, 10.000772, 71862, 85, 890.6, 857, 1181, 2321, 7622, 21063, 0
20.002544, 10.001772, 69516, 118, 901.4, 859, 1211, 2606, 7540, 52150, 0
30.000773, 9.998229, 69207, 123, 913.2, 875, 1213, 2239, 7111, 35564, 0
40.001765, 10.000992, 69905, 76, 903.7, 859, 1180, 2813, 8800, 27108, 0
50.002151, 10.000386, 69718, 67, 913.6, 857, 1233, 2655, 7803, 64850, 0
60.001811, 9.99966, 68810, 65, 917.4, 854, 1215, 2803, 8762, 88547, 0
61.006322, 1.004511, 5142, 65, 913.9, 855, 1256, 2813, 8254, 58309, 0
