elapsed, window, n, min, mean, median, 95th, 99th, 99_9th, max, errors
10.000772, 10.000772, 296455, 80, 823.7, 791, 1118, 2169, 7464, 44040, 0
20.002544, 10.001772, 277810, 66, 838.6, 794, 1149, 2414, 8261, 57401, 0
30.000773, 9.998229, 279114, 88, 847.9, 806, 1151, 2284, 7425, 46833, 0
40.001765, 10.000992, 272970, 68, 838.4, 793, 1121, 2616, 8936, 64866, 0
50.002151, 10.000386, 279045, 50, 842.8, 789, 1158, 2359, 7700, 88550, 0
60.001811, 9.99966, 279173, 50, 843.1, 787, 1152, 2418, 8669, 88550, 0
61.006322, 1.004511, 12805, 50, 837.6, 787, 1164, 2427, 7978, 58325, 0
