elapsed, window, total, successful, failed
10.000772, 10.000772, 368317, 368317, 0
20.002544, 10.001772, 347326, 347326, 0
30.000773, 9.998229, 348321, 348321, 0
40.001765, 10.000992, 342875, 342875, 0
50.002151, 10.000386, 348763, 348763, 0
60.001811, 9.99966, 347983, 347983, 0
61.006322, 1.004511, 17947, 17947, 0
