elapsed, window, n, min, mean, median, 95th, 99th, 99_9th, max, errors
10.000685, 10.000685, 127419, 855, 2348.0, 2426, 3084, 3241, 4499, 8344, 0
20.001695, 10.00101, 87445, 2353, 3341.1, 3327, 3670, 3878, 7904, 71634, 0
30.001691, 9.999996, 79908, 2097, 3686.8, 3660, 3996, 4227, 7828, 22837, 0
40.0017, 10.000009, 75775, 1552, 3912.3, 3878, 4193, 4409, 11311, 28868, 0
50.001698, 9.999998, 71991, 238, 4111.8, 4080, 4524, 5015, 8459, 60955, 0
60.001733, 10.000035, 70178, 332, 4202.4, 4192, 4818, 6062, 8458, 56451, 0
61.004304, 1.002571, 5676, 332, 4238.9, 4205, 4849, 6210, 12000, 99680, 0
