elapsed, window, n, min, mean, median, 95th, 99th, 99_9th, max, errors
10.000685, 10.000685, 1273, 1120, 2359.4, 2397, 3073, 3610, 8090, 9603, 0
20.001695, 10.00101, 838, 2565, 3292.6, 3273, 3598, 3950, 8090, 9603, 0
30.001691, 9.999996, 779, 2966, 3602.4, 3590, 3910, 4067, 6012, 6216, 0
40.0017, 10.000009, 728, 269, 3812.3, 3805, 4108, 4261, 6012, 6035, 0
50.001698, 9.999998, 704, 269, 4036.1, 4006, 4500, 5317, 7490, 7787, 0
60.001733, 10.000035, 692, 789, 4130.5, 4115, 4801, 6417, 7490, 19604, 0
61.004304, 1.002571, 46, 789, 4129.3, 4116, 4823, 6417, 7281, 19604, 0
