elapsed, window, total, successful, failed
10.000685, 10.000685, 128692, 128692, 0
20.001695, 10.00101, 88283, 88283, 0
30.001691, 9.999996, 80687, 80687, 0
40.0017, 10.000009, 76503, 76503, 0
50.001698, 9.999998, 72695, 72695, 0
60.001733, 10.000035, 70870, 70870, 0
61.004304, 1.002571, 5722, 5722, 0
